Time (ms);Knee Angle
-166;10,8798179626465
-133;10,8379220962524
-100;10,8096942901611
-67;10,7945165634155
-33;10,7870035171509
0;10,7896528244019
33;10,8137044906616
67;10,8693466186523
100;10,9577445983887
133;11,064432144165
167;11,1613168716431
200;11,223183631897
233;11,2429323196411
267;11,2318706512451
300;11,2085218429565
333;11,1866931915283
367;11,1716785430908
400;11,1635055541992
433;11,1606731414795
467;11,161958694458
500;11,1668653488159
533;11,1750602722168
567;11,1851539611816
600;11,1933240890503
633;11,1950063705444
667;11,1906318664551
700;11,1859722137451
733;11,1868343353271
767;11,1998748779297
800;11,235860824585
833;11,3078718185425
867;11,4248132705688
900;11,5808935165405
933;11,750675201416
967;11,8979368209839
1000;11,9935817718506
1033;12,0311965942383
1067;12,025933265686
1100;11,9963970184326
1133;11,9533109664917
1167;11,9083051681519
1200;11,8815612792969
1233;11,8925647735596
1267;11,9499158859253
1300;12,0483751296997
1333;12,1679592132568
1367;12,2869997024536
1400;12,3998498916626
1433;12,5069341659546
1467;12,5967121124268
1500;12,653392791748
1533;12,6774816513062
1567;12,702018737793
1600;12,7950506210327
1633;13,0398120880127
1667;13,5164813995361
1700;14,3128061294556
1733;15,543794631958
1767;17,3572616577148
1800;19,9184989929199
1833;23,3288917541504
1867;27,4902286529541
1900;32,0397834777832
1933;36,3696823120117
1967;39,7004585266113
2000;41,3064155578613
2033;40,8226318359375
2067;38,3748092651367
2100;34,4469947814941
2133;29,6488742828369
2167;24,5857696533203
2200;19,8394660949707
2233;15,9463987350464
2267;13,3312292098999
2300;12,1815414428711
2333;12,3316793441772
2367;13,3387804031372
2400;14,7120170593262
2433;16,0362014770508
2467;16,9817562103271
2500;17,3679313659668
2533;17,2050552368164
2567;16,5969924926758
2600;15,6537914276123
2633;14,5466365814209
2667;13,5216674804688
2700;12,7469701766968
2733;12,2267732620239
2767;11,8956632614136
2800;11,7063627243042
2833;11,6544609069824
2867;11,7660293579102
2900;12,0138273239136
2933;12,2859287261963
2967;12,5158205032349
3000;12,7865076065063
3033;13,2675647735596
3067;14,1086511611938
3100;15,3866195678711
3133;17,1466941833496
3167;19,5458126068115
3200;22,9028549194336
3233;27,4919090270996
3267;33,2449493408203
3300;39,6313667297363
3333;45,7786903381348
3367;50,7812385559082
3400;54,0046768188477
3433;55,1308441162109
3467;54,1036682128906
3500;51,1282691955566
3533;46,5180320739746
3567;40,5811309814453
3600;33,8025054931641
3633;26,92698097229
3667;20,7334156036377
3700;15,8389272689819
3733;12,645565032959
3767;11,2590942382813
3800;11,4100027084351
3833;12,5503759384155
3867;14,0786657333374
3900;15,4956569671631
3933;16,4634246826172
3967;16,8412399291992
4000;16,7016410827637
4033;16,2555656433105
4067;15,6698780059814
4100;14,9357900619507
4133;13,9300231933594
4167;12,6225843429565
4200;11,2173843383789
4233;10,0277690887451
4267;9,26913070678711
4300;9,07071590423584
4333;9,60579776763916
4367;11,133261680603
4400;13,9667406082153
4433;18,4189701080322
4467;24,6975002288818
4500;32,7145118713379
4533;41,8676376342773
4567;50,9941940307617
4600;58,6607513427734
4633;63,5931854248047
4667;64,9940643310547
4700;62,7373504638672
4733;57,3033676147461
4767;49,4295959472656
4800;39,8948822021484
4833;29,7442417144775
4867;20,5196666717529
4900;13,8021211624146
4933;10,3277502059937
4967;9,68368530273438
5000;10,8126096725464
5033;12,7038097381592
5067;14,6739730834961
5100;16,2459716796875
5133;17,0450172424316
5167;16,8436660766602
5200;15,6467409133911
5233;13,746356010437
5267;11,605920791626
5300;9,63578510284424
5333;8,10540866851807
5367;7,17136669158936
5400;6,93366384506226
5433;7,48203277587891
5467;8,91336917877197
5500;11,3957719802856
5533;15,2369298934937
5567;20,7624969482422
5600;27,9897842407227
5633;36,394458770752
5667;45,0020484924316
5700;52,6702613830566
5733;58,3145484924316
5767;61,0966567993164
5800;60,6458625793457
5833;57,1072616577148
5867;50,9451103210449
5900;42,8371429443359
5933;33,7492866516113
5967;24,8285102844238
6000;17,123104095459
6033;11,4371871948242
6067;8,28289794921875
6100;7,75880193710327
6133;9,37120532989502
6167;12,0544309616089
6200;14,6077575683594
6233;16,2446804046631
6267;16,7488555908203
6300;16,2850875854492
6333;15,1944675445557
6367;13,8324146270752
6400;12,4337549209595
6433;11,1151838302612
6467;9,9867115020752
6500;9,15691566467285
6533;8,63146495819092
6567;8,38629627227783
6600;8,62557983398438
6633;9,86306476593018
6667;12,6904268264771
6700;17,4130535125732
6733;23,8284912109375
6767;31,3832874298096
6800;39,4038619995117
6833;47,0550346374512
6867;53,3803596496582
6900;57,5502166748047
6933;59,0388984680176
6967;57,694408416748
7000;53,6742897033691
7033;47,2888031005859
7067;39,0758323669434
7100;29,972583770752
7133;21,1579666137695
7167;13,8312501907349
7200;9,02096939086914
7232;7,13683032989502
7265;7,65922737121582
7298;9,45947647094727
7332;11,4806747436523
7365;13,1072263717651
7398;14,07923412323
7432;14,3616170883179
7465;14,0895538330078
7498;13,4507093429565
7532;12,6093168258667
7565;11,7465000152588
7598;11,0410318374634
7632;10,5698575973511
7665;10,3402996063232
7698;10,4943695068359
7732;11,3814640045166
7765;13,4067897796631
7798;16,9046993255615
7832;21,9672451019287
7865;28,2678089141846
7898;35,2577018737793
7932;42,4465599060059
7965;49,3405075073242
7998;55,3180503845215
8032;59,6949806213379
8065;61,8443717956543
8098;61,2638931274414
8132;57,720085144043
8165;51,4620704650879
8198;43,2248115539551
8232;34,017017364502
8265;24,9698257446289
8298;17,2514705657959
8332;11,8710021972656
8365;9,39356517791748
8398;9,63770484924316
8432;11,605001449585
8465;14,0091047286987
8498;15,9664640426636
8532;17,117374420166
8565;17,4166698455811
8598;17,0568981170654
8632;16,3082962036133
8665;15,2718162536621
8698;13,9529733657837
8732;12,4700803756714
8765;11,0521650314331
8798;9,92974662780762
8832;9,21351337432861
8865;8,90198421478271
8898;9,11723804473877
8932;10,2226696014404
8965;12,629467010498
8998;16,5971050262451
9032;22,1884517669678
9065;29,2180709838867
9098;37,1554374694824
9132;45,1728515625
9165;52,363597869873
9198;57,9485015869141
9232;61,3487663269043
9265;62,110107421875
9298;59,9682693481445
9332;55,1142349243164
9365;48,1517868041992
9398;39,7896041870117
9432;30,7897338867188
9465;22,1073608398438
9498;14,8634099960327
9532;10,0088930130005
9565;7,85538005828857
9598;7,88513851165771
9632;9,10925388336182
9665;10,7171669006348
9698;12,3805713653564
9732;13,996919631958
9765;15,3087606430054
9798;15,9204692840576
9832;15,6785640716553
9865;14,8371667861938
9898;13,8108930587769
9932;12,8759479522705
9965;12,0872230529785
9998;11,4488725662231
10032;11,1512832641602
10065;11,6140298843384
10098;13,3221292495728
10132;16,5869522094727
10165;21,3913669586182
10198;27,4499797821045
10232;34,435863494873
10265;42,0411834716797
10298;49,7017593383789
10332;56,448055267334
10365;61,2184524536133
10398;63,2512664794922
10432;62,1821708679199
10465;58,0417938232422
10498;51,3142013549805
10532;42,8542518615723
10565;33,6987266540527
10598;24,944787979126
10632;17,5663452148438
10665;12,2237195968628
10698;9,19618797302246
10732;8,29628562927246
10765;8,87509441375732
10798;10,1532287597656
10832;11,6012554168701
10865;12,9501895904541
10898;14,021936416626
10932;14,7194004058838
10965;15,023738861084
10998;14,8668069839478
11032;14,1334733963013
11065;12,8571949005127
11098;11,3316783905029
11132;9,97926235198975
11165;9,13503170013428
11198;9,03857040405273
11232;9,98632431030273
11265;12,339916229248
11298;16,3463935852051
11332;21,9413204193115
11365;28,7799949645996
11398;36,456974029541
11432;44,4743576049805
11465;52,0262107849121
11498;58,0840034484863
11532;61,762996673584
11565;62,5825843811035
11598;60,4631690979004
11632;55,6076545715332
11665;48,4082260131836
11698;39,4377784729004
11732;29,6098194122314
11765;20,3195953369141
11798;13,1179151535034
11832;8,99528789520264
11865;7,91765165328979
11898;8,94817066192627
11932;10,8588991165161
11965;12,7851963043213
11998;14,3904809951782
12032;15,58251953125
12065;16,2724094390869
12098;16,4079132080078
12132;16,0375709533691
12165;15,2612791061401
12198;14,1703004837036
12232;12,8252267837524
12265;11,3701171875
12298;10,2098617553711
12332;9,88690280914307
12365;10,7921161651611
12398;13,1603059768677
12432;17,1209354400635
12465;22,5658721923828
12498;29,2008895874023
12532;36,6698799133301
12565;44,4145469665527
12598;51,6134414672852
12632;57,400562286377
12665;61,0454025268555
12698;62,0161933898926
12732;60,127384185791
12765;55,6509475708008
12798;49,1175346374512
12832;41,0620307922363
12865;32,1503677368164
12898;23,4490699768066
12932;16,2537288665771
12965;11,5077095031738
12998;9,3972110748291
13032;9,37654590606689
13065;10,4902067184448
13098;11,8059339523315
13132;12,7540254592896
13165;13,2443733215332
13198;13,511402130127
13232;13,7565393447876
13265;13,9290561676025
13298;13,8634147644043
13332;13,4574975967407
13365;12,7063503265381
13398;11,7537851333618
13432;10,9040832519531
13465;10,5575542449951
13498;11,2301654815674
13532;13,5672588348389
13565;18,1043243408203
13598;24,8935985565186
13632;33,3749771118164
13665;42,5931663513184
13698;51,497802734375
13732;59,062442779541
13765;64,3469161987305
13798;66,6892929077148
13832;65,8735733032227
13865;62,1061592102051
13898;55,8637580871582
13932;47,7831001281738
13965;38,6554260253906
13998;29,4019737243652
14032;20,9468746185303
14065;14,0465145111084
14098;9,14383125305176
14132;6,35852003097534
14165;5,51902103424072
14198;6,12495613098145
14232;7,49917364120483
14265;9,09695816040039
14298;10,6253747940063
14332;11,9779100418091
14365;13,0795412063599
14398;13,7549095153809
14432;13,8232126235962
14465;13,282769203186
14498;12,3356704711914
14532;11,2996082305908
14565;10,5003614425659
14598;10,1884994506836
14632;10,6053371429443
14665;12,0837116241455
14698;14,9085426330566
14732;19,1461238861084
14765;24,7252979278564
14798;31,4971809387207
14832;39,0873260498047
14865;46,7994232177734
14898;53,740550994873
14932;59,0519523620605
14965;62,0975608825684
14998;62,5543746948242
15032;60,4318885803223
15065;56,0199317932129
15098;49,7326698303223
15132;42,0144653320313
15165;33,4687347412109
15198;25,0212478637695
15232;17,7934894561768
15263;12,7059450149536
15297;10,1422672271729
15330;9,80024337768555
15363;10,8123264312744
15397;12,1946029663086
15430;13,3416662216187
15463;14,180760383606
15497;14,8428049087524
15530;15,251636505127
15563;15,2011528015137
15597;14,7605991363525
15630;14,3017711639404
15663;14,0659322738647
15697;13,998966217041
15730;14,1025743484497
15763;14,6848297119141
15797;16,1896018981934
15830;18,9615955352783
15863;23,1743927001953
15897;28,7809734344482
15930;35,5065422058105
15963;42,8720970153809
15997;50,1540260314941
16030;56,5150260925293
16063;61,2759552001953
16097;63,9287338256836
16130;64,0241241455078
16163;61,343677520752
16197;56,0836219787598
16230;48,6851768493652
16263;39,7238655090332
16297;30,1538105010986
16330;21,3544654846191
16363;14,593578338623
16397;10,4360685348511
16430;8,63224697113037
16463;8,49842834472656
16497;9,38609313964844
16530;10,7911224365234
16563;12,2620096206665
16597;13,4426784515381
16630;14,1565895080566
16663;14,3662223815918
16697;14,0837869644165
16730;13,3604183197021
16763;12,3320751190186
16797;11,2186889648438
16830;10,2350387573242
16863;9,48176383972168
16897;8,99157238006592
16930;8,95513343811035
16963;9,83383560180664
16997;12,1538200378418
17030;16,1779956817627
17063;21,8286590576172
17097;28,901180267334
17130;37,1300392150879
17163;45,9384155273438
17197;54,259937286377
17230;60,775993347168
17263;64,4039459228516
17297;64,5920791625977
17330;61,3878898620605
17363;55,3866348266602
17397;47,4624710083008
17430;38,495532989502
17463;29,3156833648682
17497;20,7996692657471
17530;13,9392766952515
17563;9,55545902252197
17597;7,79629039764404
17630;8,04143238067627
17663;9,35003566741943
17697;10,9645528793335
17730;12,4856262207031
17763;13,7791500091553
17797;14,7477359771729
17830;15,1676063537598
17863;14,8478527069092
17897;13,8600196838379
17930;12,478588104248
17963;10,9663953781128
17997;9,4484691619873
18030;7,99064779281616
18063;6,8407621383667
18097;6,58584070205688
18130;7,98431205749512
18163;11,4943132400513
18197;16,9966506958008
18230;24,0738201141357
18263;32,2747802734375
18297;40,9559593200684
18330;49,2245597839355
18363;56,1791610717773
18397;61,1103172302246
18430;63,5321311950684
18463;63,1036949157715
18497;59,5993309020996
18530;53,0658836364746
18563;44,112491607666
18597;34,0018882751465
18630;24,2615528106689
18663;16,2022800445557
18697;10,7011651992798
18730;8,01861763000488
18763;7,69546127319336
18797;8,77074146270752
18830;10,2322034835815
18863;11,4096822738647
18897;12,0503520965576
18930;12,12890625
18963;11,6904554367065
18997;10,8468885421753
19030;9,84645652770996
19063;9,02237701416016
19097;8,53425025939941
19130;8,27620887756348
19163;8,14786052703857
19197;8,28894996643066
19230;9,06026363372803
19263;10,9173717498779
19297;14,2161779403687
19330;19,0401153564453
19363;25,2674999237061
19397;32,6888198852539
19430;40,9197463989258
19463;49,2752838134766
19497;56,7948760986328
19530;62,4785614013672
19563;65,5708160400391
19597;65,6786270141602
19630;62,8048057556152
19663;57,315013885498
19697;49,8002700805664
19730;41,0057678222656
19763;31,9174060821533
19797;23,6973438262939
19830;17,3105144500732
19863;13,2226753234863
19897;11,3208255767822
19930;11,0174503326416
19963;11,5660343170166
19997;12,3591632843018
20030;13,0413484573364
20063;13,5062570571899
20097;13,7633848190308
20130;13,753228187561
20163;13,3031997680664
20197;12,2526617050171
20230;10,6552467346191
20263;8,84482669830322
20297;7,26658344268799
20330;6,30529737472534
20363;6,29958200454712
20397;7,62089109420776
20430;10,5748624801636
20463;15,2491302490234
20497;21,5981483459473
20530;29,493480682373
20563;38,4798622131348
20597;47,6524467468262
20630;55,8852233886719
20663;62,1239166259766
20697;65,5851821899414
20730;65,8297271728516
20763;62,7180480957031
20797;56,3749313354492
20830;47,3142280578613
20863;36,6765213012695
20897;26,1303558349609
20930;17,3026428222656
20963;11,2650165557861
20997;8,35976505279541
21030;8,19516086578369
21063;9,82054901123047
21097;12,1923398971558
21130;14,6246576309204
21163;16,8149547576904
21197;18,5485706329346
21230;19,5487766265869
21263;19,6310920715332
21297;18,8138065338135
21330;17,2643451690674
21363;15,2933464050293
21397;13,3186798095703
21430;11,6912069320679
21463;10,5843544006348
21497;10,1168613433838
21530;10,5829639434814
21563;12,480767250061
21597;16,2402534484863
21630;21,9350280761719
21663;29,2602062225342
21697;37,6513748168945
21730;46,3085174560547
21763;54,2471389770508
21797;60,5084533691406
21830;64,3565521240234
21863;65,3235549926758
21897;63,2059440612793
21930;58,1279983520508
21963;50,6150398254395
21997;41,6136474609375
22030;32,4178276062012
22063;24,4325313568115
22097;18,7603969573975
22130;15,7544202804565
22163;14,8607501983643
22197;14,9885635375977
22230;15,2254037857056
22263;15,3118553161621
22297;15,4978370666504
22330;16,0129585266113
22363;16,7260799407959
22397;17,2506866455078
22430;17,2322235107422
22463;16,5582218170166
22497;15,3715305328369
22530;13,9356632232666
22563;12,516547203064
22597;11,3526010513306
22630;10,7352657318115
22663;11,0886135101318
22697;12,8684587478638
22730;16,3399486541748
22763;21,4371891021729
22797;27,7948875427246
22830;34,9188842773438
22863;42,3194847106934
22897;49,4496955871582
22930;55,5991172790527
22963;59,9701538085938
22997;61,9205741882324
23030;61,1958923339844
23063;58,0025253295898
23097;52,8136863708496
23130;46,0678215026855
23163;38,1991424560547
23195;29,9442462921143
23228;22,4083690643311
23262;16,6955547332764
23295;13,3473691940308
23328;12,1066112518311
23362;12,2935466766357
23395;13,2955493927002
23428;14,6313285827637
23462;15,8596534729004
23495;16,6685771942139
23528;16,9642105102539
23562;16,8107833862305
23595;16,3379917144775
23628;15,6546316146851
23662;14,7685985565186
23695;13,658576965332
23728;12,4740257263184
23762;11,6001348495483
23795;11,5279846191406
23828;12,7323799133301
23862;15,5982084274292
23895;20,2019863128662
23928;26,1511859893799
23962;32,9160118103027
23995;40,1413116455078
24028;47,3688697814941
24062;53,7851829528809
24095;58,4757614135742
24128;60,7795944213867
24162;60,4056053161621
24195;57,4039764404297
24228;52,0802764892578
24262;44,9214859008789
24295;36,6729202270508
24328;28,3681011199951
24362;21,0644092559814
24395;15,5504884719849
24428;12,1670751571655
24462;10,7273273468018
24495;10,7868099212646
24528;11,9906015396118
24562;13,9937944412231
24595;16,2568473815918
24628;18,1500644683838
24662;19,2390651702881
24695;19,4119758605957
24728;18,7726745605469
24762;17,5122261047363
24795;15,8816518783569
24828;14,1995668411255
24862;12,7980833053589
24895;11,9133281707764
24928;11,643048286438
24962;12,0761966705322
24995;13,5088472366333
25028;16,4454116821289
25062;21,2762432098389
25095;27,9690952301025
25128;36,0376663208008
25162;44,6590881347656
25195;52,8055381774902
25228;59,4299621582031
25262;63,6701850891113
25295;64,9308471679688
25328;62,9273452758789
25362;57,7851028442383
25395;50,0566902160645
25428;40,646915435791
25462;30,7301750183105
25495;21,6452369689941
25528;14,661735534668
25562;10,5881519317627
25595;9,49191379547119
25628;10,7157573699951
25662;13,170783996582
25695;15,8148403167725
25728;18,0235939025879
25762;19,5792140960693
25795;20,390453338623
25828;20,3776817321777
25862;19,6246719360352
25895;18,3925609588623
25928;16,9216461181641
25962;15,3364553451538
25995;13,7469205856323
26028;12,3806142807007
26062;11,5468683242798
26095;11,5358581542969
26128;12,6389389038086
26162;15,13343334198
26195;19,2034358978271
26228;24,9325046539307
26262;32,1675720214844
26295;40,2404403686523
26328;47,9971885681152
26362;54,223934173584
26395;58,0597686767578
26428;59,1345481872559
26462;57,5030746459961
26495;53,4922828674316
26528;47,4696617126465
26562;39,7696876525879
26595;30,9907360076904
26628;22,2219200134277
26662;14,7805938720703
26695;9,74932193756104
26728;7,61970710754395
26762;8,08469676971436
26795;10,1855020523071
26828;12,8099040985107
26862;15,1454677581787
26895;16,8281192779541
26928;17,8193321228027
26962;18,2488403320313
26995;18,351957321167
27028;18,3021621704102
27062;18,0476417541504
27095;17,4875373840332
27128;16,6764183044434
27162;15,7388563156128
27195;14,8534898757935
27228;14,4063138961792
27262;14,9404993057251
27295;16,9221076965332
27328;20,5868968963623
27362;25,8272132873535
27395;32,1910285949707
27428;39,167064666748
27462;46,3369369506836
27495;53,1033706665039
27528;58,560546875
27562;61,8107948303223
27595;62,2786636352539
27628;59,7908935546875
27662;54,5567245483398
27695;47,0598754882813
27728;37,9957389831543
27762;28,4429035186768
27795;19,8315391540527
27828;13,4128427505493
27862;9,76335716247559
27895;8,69729900360107
27928;9,51336860656738
27962;11,3805208206177
27995;13,6351537704468
28028;15,8598527908325
28062;17,7667121887207
28095;19,1241474151611
28128;19,8308048248291
28162;19,9065551757813
28195;19,400936126709
28228;18,3893356323242
28262;16,9761943817139
28295;15,3274669647217
28328;13,8445062637329
28362;13,1926259994507
28395;13,9667110443115
28428;16,422248840332
28462;20,5892848968506
28495;26,4112854003906
28528;33,6108856201172
28562;41,5267791748047
28595;49,2654304504395
28628;55,9695701599121
28662;60,8900108337402
28695;63,4768943786621
28728;63,5130004882813
28762;61,0212516784668
28795;56,1208381652832
28828;49,0748977661133
28862;40,4368286132813
28895;31,1568088531494
28928;22,4577159881592
28962;15,4798040390015
28995;11,0188407897949
29028;9,35352039337158
29062;10,0685844421387
29095;12,2066059112549
29128;14,7530860900879
29162;16,9497776031494
29195;18,3676280975342
29228;18,9520473480225
29262;18,9143104553223
29295;18,4742126464844
29328;17,7771606445313
29362;16,9697399139404
29395;16,1856250762939
29428;15,5409440994263
29462;15,2461996078491
29495;15,656533241272
29528;17,1888103485107
29562;20,1514015197754
29595;24,5449085235596
29628;30,0837631225586
29662;36,4375076293945
29695;43,2558288574219
29728;49,9413642883301
29762;55,6269378662109
29795;59,4837341308594
29828;60,9630165100098
29862;59,7892990112305
29895;55,9272918701172
29928;49,6198387145996
29962;41,4379768371582
29995;32,3031158447266
30028;23,413745880127
30062;16,0467624664307
30095;11,2010850906372
30128;9,17552757263184
30162;9,47493457794189
30195;11,1480369567871
30228;13,2469282150269
30262;15,1927003860474
30295;16,8567962646484
30328;18,2524223327637
30362;19,2445087432861
30395;19,6397895812988
30428;19,3754825592041
30462;18,5524291992188
30495;17,4103527069092
30528;16,2795448303223
30562;15,4948701858521
30595;15,3488998413086
30628;16,125846862793
30662;18,1518383026123
30695;21,7063369750977
30728;26,8234024047852
30762;33,2627067565918
30795;40,5793800354004
30828;48,0523567199707
30862;54,707160949707
30895;59,6085891723633
30928;62,1257629394531
30962;61,9149551391602
30995;58,7860794067383
31028;52,8147392272949
31062;44,5963020324707
31095;35,2361907958984
31127;26,0863914489746
31160;18,4088268280029
31193;13,0994100570679
31227;10,543773651123
31260;10,5394926071167
31293;12,3700571060181
31327;15,0535573959351
31360;17,6497936248779
31393;19,5852966308594
31427;20,8114681243896
31460;21,5815505981445
31493;22,0448226928711
31527;22,0540142059326
31560;21,3111953735352
31593;19,7125339508057
31627;17,5834922790527
31660;15,5554332733154
31693;14,2586851119995
31727;14,1623525619507
31760;15,6260471343994
31793;18,9231204986572
31827;24,081090927124
31860;30,8293838500977
31893;38,6985969543457
31927;46,9042930603027
31960;54,2259407043457
31993;59,3823127746582
32027;61,6192016601563
32060;60,8293304443359
32093;57,2468032836914
32127;51,2284202575684
32160;43,3350791931152
32193;34,4897346496582
32227;25,9479293823242
32260;19,0954895019531
32293;14,9785404205322
32327;13,7684087753296
32360;14,8143749237061
32393;17,1666164398193
32427;19,8958988189697
32460;22,1805438995361
32493;23,4232139587402
32527;23,3367576599121
32560;22,0113658905029
32593;19,8933982849121
32627;17,4847564697266
32660;15,0784778594971
32693;12,843300819397
32727;10,9974918365479
32760;9,82303524017334
32793;9,62135219573975
32827;10,6923713684082
32860;13,2378387451172
32893;17,2582168579102
32927;22,5626430511475
32960;28,8171997070313
32993;35,620719909668
33027;42,5476379394531
33060;49,1064529418945
33093;54,7566413879395
33127;58,9776382446289
33160;61,3082618713379
33193;61,3802604675293
33227;58,9649429321289
33260;54,0499076843262
33293;46,9352111816406
33327;38,3515434265137
33360;29,5366535186768
33393;21,9770584106445
33427;16,8305759429932
33460;14,4802503585815
33493;14,4557304382324
33527;15,7953481674194
33560;17,5684146881104
33593;19,0478839874268
33627;19,7163734436035
33660;19,4443283081055
33693;18,4847564697266
33727;17,1281299591064
33760;15,5105791091919
33793;13,742208480835
33827;12,026930809021
33860;10,6001768112183
33893;9,64347743988037
33927;9,39107036590576
33960;10,2735719680786
33993;12,7688302993774
34027;17,0301818847656
34060;22,7477626800537
34093;29,4580039978027
34127;36,7827911376953
34160;44,2506217956543
34193;51,1500053405762
34227;56,6300086975098
34260;59,8631935119629
34293;60,2361221313477
34327;57,517692565918
34360;51,9413604736328
34393;44,1501960754395
34427;35,0637588500977
34460;25,8835487365723
34493;18,0196228027344
34527;12,6986856460571
34560;10,4969129562378
34593;11,0366945266724
34627;13,1106414794922
34660;15,3476057052612
34693;16,8962230682373
34727;17,545503616333
34760;17,3910102844238
34793;16,5487232208252
34827;15,1792993545532
34860;13,551305770874
34893;11,8689966201782
34927;10,1780204772949
34960;8,60800075531006
34993;7,53646421432495
35027;7,39072847366333
35060;8,47249603271484
35093;10,997519493103
35127;15,0767850875854
35160;20,5988883972168
35193;27,2567958831787
35227;34,6857604980469
35260;42,4504699707031
35293;49,9238548278809
35327;56,3051223754883
35360;60,7807273864746
35393;62,6553001403809
35427;61,4878158569336
35460;57,2649345397949
35493;50,4013633728027
35527;41,6108818054199
35560;31,9172210693359
35593;22,6866493225098
35627;15,3566045761108
35660;10,9068365097046
35693;9,49851417541504
35727;10,4528656005859
35760;12,5652389526367
35793;14,7303924560547
35827;16,3720302581787
35860;17,3216762542725
35893;17,5310592651367
35927;16,9850273132324
35960;15,7752151489258
35993;14,1531600952148
36027;12,4160757064819
36060;10,7570838928223
36093;9,30799865722656
36127;8,23961544036865
36160;7,75910663604736
36193;8,17103672027588
36227;9,93936824798584
36260;13,4500503540039
36293;18,7255382537842
36327;25,4994163513184
36360;33,3355903625488
36393;41,4850425720215
36427;48,9043655395508
36460;54,6612930297852
36493;58,2316741943359
36527;59,4307403564453
36560;58,2899208068848
36593;54,949836730957
36627;49,5020370483398
36660;42,1446800231934
36693;33,6515083312988
36727;25,4223022460938
36760;18,8547458648682
36793;14,6598434448242
36827;12,6699123382568
36860;12,1217889785767
36893;12,1788816452026
36927;12,2910661697388
36960;12,1729507446289
36993;11,7186164855957
37027;11,0132255554199
37060;10,2554788589478
37093;9,54854106903076
37127;8,81144618988037
37160;7,96720314025879
37193;7,09814882278442
37227;6,43033027648926
37260;6,34402513504028
37293;7,33575630187988
37327;9,84105110168457
37360;14,0189657211304
37393;19,6805419921875
37427;26,4979877471924
37460;34,0900840759277
37493;41,8109092712402
37527;48,8149833679199
37560;54,3639259338379
37593;57,9020767211914
37627;58,9971237182617
37660;57,3995361328125
37693;53,1740570068359
37727;46,7070579528809
37760;38,5872116088867
37793;29,6170120239258
37827;20,9361972808838
37860;13,8586311340332
37893;9,33907890319824
37927;7,54433250427246
37960;7,83435916900635
37993;9,10545063018799
38027;10,4242544174194
38060;11,503927230835
38093;12,4946622848511
38127;13,4257078170776
38160;14,0487022399902
38193;14,112642288208
38227;13,5516042709351
38260;12,4164390563965
38293;10,8066005706787
38327;8,97476768493652
38360;7,39310836791992
38393;6,58118057250977
38427;6,90906858444214
38460;8,60820484161377
38493;11,8604869842529
38527;16,7598552703857
38560;23,237377166748
38593;31,0558586120605
38627;39,7098236083984
38660;48,2359733581543
38693;55,3080215454102
38727;59,7481918334961
38760;60,987979888916
38793;59,0733757019043
38827;54,386791229248
38860;47,4547920227051
38893;39,0057678222656
38925;30,0775547027588
38958;21,8335113525391
38992;15,2401962280273
39025;10,8608055114746
39058;8,70016193389893
39092;8,27156543731689
39125;8,91401290893555
39158;9,98806571960449
39192;10,970627784729
39225;11,5777034759521
39258;11,7245359420776
39292;11,4271593093872
39325;10,8077726364136
39358;10,0427446365356
39392;9,26578521728516
39425;8,56929111480713
39458;8,05496788024902
39492;7,87192869186401
39525;8,2719612121582
39558;9,6295804977417
39592;12,3263664245605
39625;16,5915622711182
39658;22,4371643066406
39692;29,6446781158447
39725;37,7395057678223
39758;45,9887504577637
39792;53,4475975036621
39825;59,0383605957031
39858;61,7511787414551
39892;61,0423622131348
39925;57,0972099304199
39958;50,6249732971191
39992;42,4773063659668
40025;33,5592727661133
40058;24,9152221679688
40092;17,6059741973877
40125;12,4336996078491
40158;9,66317653656006
40192;8,85025405883789
40225;9,14738082885742
40258;9,89284133911133
40292;10,7493858337402
40325;11,504204750061
40358;12,0234880447388
40392;12,2330856323242
40425;12,0117225646973
40458;11,2425651550293
40492;10,0115337371826
40525;8,59979343414307
40558;7,3036904335022
40592;6,35657739639282
40625;5,93107461929321
40658;6,20659780502319
40692;7,45860576629639
40725;9,96584320068359
40758;13,8415212631226
40792;19,0565853118896
40825;25,5723056793213
40858;33,2666778564453
40892;41,6175079345703
40925;49,6318778991699
40958;56,2465171813965
40992;60,7115364074707
41025;62,6156692504883
41058;61,7460784912109
41092;58,0478248596191
41125;51,6997680664063
41158;43,2883605957031
41192;33,9596138000488
41225;25,1805858612061
41258;18,1697521209717
41292;13,4629163742065
41325;10,8683805465698
41358;9,80680084228516
41392;9,70210266113281
41425;10,1473436355591
41458;10,9167633056641
41492;11,8836145401001
41525;12,8690166473389
41558;13,5471620559692
41592;13,5418844223022
41625;12,7098903656006
41658;11,3354148864746
41692;9,97787666320801
41725;9,15493583679199
41758;9,25553035736084
41792;10,6321506500244
41825;13,56285572052
41858;18,1207046508789
41892;24,1084671020508
41925;31,1021842956543
41958;38,5790557861328
41992;45,9399223327637
42025;52,4452323913574
42058;57,3882789611816
42092;60,3154067993164
42125;60,9338874816895
42158;59,0206604003906
42192;54,5618362426758
42225;47,8582038879395
42258;39,4983024597168
42292;30,3483715057373
42325;21,595287322998
42358;14,5782222747803
42392;10,1936826705933
42425;8,41631317138672
42458;8,56139278411865
42492;9,82731056213379
42525;11,5125970840454
42558;13,080286026001
42592;14,2149543762207
42625;14,7454137802124
42658;14,5330371856689
42692;13,5162982940674
42725;11,8801097869873
42758;10,034987449646
42792;8,35190773010254
42825;7,06795930862427
42858;6,39042615890503
42892;6,52018022537231
42925;7,67434358596802
42958;10,1528778076172
42992;14,254674911499
43025;20,0319442749023
43058;27,1707420349121
43092;35,169376373291
43125;43,3843994140625
43158;50,8418960571289
43192;56,4422225952148
43225;59,4098930358887
43258;59,3931465148926
43292;56,4123306274414
43325;50,915657043457
43358;43,6730270385742
43392;35,4662666320801
43425;27,0628337860107
43458;19,4745349884033
43492;13,8005847930908
43525;10,6164503097534
43558;9,6779956817627
43592;10,2009801864624
43625;11,3316068649292
43658;12,4474544525146
43692;13,2658281326294
43725;13,82151222229
43758;14,2668838500977
43792;14,5816822052002
43825;14,5180130004883
43858;13,8588848114014
43892;12,6158266067505
43925;11,0184555053711
43958;9,49291133880615
43992;8,63943386077881
44025;9,09876728057861
44058;11,363974571228
44092;15,6067943572998
44125;21,5860252380371
44158;28,8017730712891
44192;36,7243614196777
44225;44,7653579711914
44258;52,2024230957031
44292;58,2637062072754
44325;62,2128067016602
44358;63,4924964904785
44392;61,9382667541504
44425;57,7741661071777
44458;51,4157562255859
44492;43,4000015258789
44525;34,5534400939941
44558;26,0859718322754
44592;19,1956405639648
44625;14,4588088989258
44658;11,6994352340698
44692;10,426417350769
44725;10,2248544692993
44758;10,7513866424561
44792;11,6588068008423
44825;12,5961751937866
44858;13,2481250762939
44892;13,4366722106934
44925;13,1228055953979
44958;12,3317260742188
44992;11,1303014755249
45025;9,65345478057861
45058;8,20806980133057
45092;7,27419328689575
45125;7,30430173873901
45158;8,61339950561523
45192;11,4305992126465
45225;15,9642486572266
45258;22,4007301330566
45292;30,6786079406738
45325;40,078010559082
45358;49,182559967041
45392;56,499755859375
45425;61,0363273620605
45458;62,316276550293
45492;60,2867393493652
45525;55,3477325439453
45558;48,1915130615234
45592;39,5944633483887
45625;30,5670051574707
45658;22,4395961761475
45692;16,404541015625
45725;12,9296894073486
45758;11,6367559432983
45792;11,790002822876
45825;12,8190641403198
45858;14,2922105789185
45892;15,7592258453369
45925;16,8716316223145
45958;17,4403495788574
45992;17,3294773101807
46025;16,4799518585205
46058;15,0136098861694
46092;13,1486234664917
46125;11,0371761322021
46158;8,84767818450928
46192;6,97506284713745
46225;5,96046495437622
46258;6,26706218719482
46292;8,32616806030273
46325;12,5526304244995
46358;18,9914207458496
46392;27,0941009521484
46425;36,0037536621094
46458;44,8094711303711
46492;52,4678344726563
46525;57,8919334411621
46558;60,2960357666016
46592;59,5063858032227
46625;56,0481643676758
46658;50,5936698913574
46692;43,3968353271484
46725;34,7486534118652
46758;25,6498756408691
46792;17,6763954162598
46823;12,1789388656616
46857;9,53685188293457
46890;9,07743263244629
46923;9,74648857116699
46957;10,8809757232666
46990;12,2379064559937
47023;13,5049104690552
47057;14,1704902648926
47090;13,9108057022095
47123;12,8125133514404
47157;11,1437759399414
47190;9,1589298248291
47223;7,13484525680542
47257;5,45530700683594
47290;4,62080001831055
47323;5,07612705230713
47357;6,99758291244507
47390;10,3324146270752
47423;15,0313062667847
47457;21,1103076934814
47490;28,4325275421143
47523;36,6197891235352
47557;45,1389999389648
47590;53,1808128356934
47623;59,6436309814453
47657;63,5616302490234
47690;64,4856185913086
47723;62,4031753540039
47757;57,5326309204102
47790;50,3177299499512
47823;41,4866828918457
47857;32,0122985839844
47890;23,0513248443604
47923;15,7668581008911
47957;10,8742551803589
47990;8,39500045776367
48023;7,84358263015747
48057;8,424560546875
48090;9,28938770294189
48123;9,95121574401855
48157;10,3994417190552
48190;10,8733243942261
48223;11,5732889175415
48257;12,391170501709
48290;12,9155988693237
48323;12,8000383377075
48357;12,0475358963013
48390;10,9085359573364
48423;9,66543197631836
48457;8,61483097076416
48490;8,16805648803711
48523;8,87480640411377
48557;11,2800159454346
48590;15,6516895294189
48623;21,8724155426025
48657;29,6568489074707
48690;38,59716796875
48723;47,7939376831055
48757;55,7955017089844
48790;61,203971862793
48823;63,3032264709473
48857;62,1109809875488
48890;58,0009689331055
48923;51,4641189575195
48957;43,1909065246582
48990;34,1872711181641
49023;25,6965084075928
49057;18,8577499389648
49090;14,2599430084229
49123;11,8492078781128
49157;11,238205909729
49190;11,9062280654907
49223;13,1723108291626
49257;14,2978649139404
49290;14,7926206588745
49323;14,6234722137451
49357;14,0797472000122
49390;13,4550533294678
49423;12,8642311096191
49457;12,2164926528931
49490;11,3024501800537
49523;10,0428991317749
49557;8,72888088226318
49590;7,95612859725952
49623;8,34947109222412
49657;10,4391889572144
49690;14,6257810592651
49723;20,966194152832
49757;28,9796257019043
49790;37,8122749328613
49823;46,5582695007324
49857;54,3533935546875
49890;60,3190383911133
49923;63,6198654174805
49957;63,6649513244629
49990;60,3248596191406
50023;54,0529403686523
50057;45,7914123535156
50090;36,6672401428223
50123;27,7364521026611
50157;19,9223461151123
50190;13,9856939315796
50223;10,3719120025635
50257;9,0008602142334
50290;9,23127841949463
50323;10,1880331039429
50357;11,2796096801758
50390;12,3663940429688
50423;13,4049043655396
50457;14,1622505187988
50490;14,3777494430542
50523;13,9604539871216
50557;12,9644966125488
50590;11,5118856430054
50623;9,78344440460205
50657;8,09596061706543
50690;6,97271776199341
50723;7,07842540740967
50757;9,00250434875488
50790;12,9989328384399
50823;18,9010066986084
50857;26,3380031585693
50890;34,882194519043
50923;43,7762756347656
50957;51,7942733764648
50990;57,6674766540527
51023;60,5434951782227
51057;60,1172752380371
51090;56,5771026611328
51123;50,4481887817383
51157;42,4303359985352
51190;33,3575820922852
51223;24,3127937316895
51257;16,610034942627
51290;11,3353242874146
51323;8,8121337890625
51357;8,50490951538086
51390;9,41253566741943
51423;10,6292276382446
51457;11,6666498184204
51490;12,4769096374512
51523;13,2073001861572
51557;13,8182954788208
51590;14,0336256027222
51623;13,6411104202271
51657;12,6494169235229
51690;11,2191953659058
51723;9,63027381896973
51757;8,26619911193848
51790;7,5169792175293
51823;7,75896787643433
51857;9,40885353088379
51890;12,7666511535645
51923;17,7279243469238
51957;23,8432559967041
51990;30,7223377227783
52023;38,1406517028809
52057;45,6577568054199
52090;52,4002571105957
52123;57,4137649536133
52157;60,1228904724121
52190;60,3516960144043
52223;58,0502166748047
52257;53,2104644775391
52290;46,0206108093262
52323;37,0685119628906
52357;27,4629592895508
52390;18,6872043609619
52423;12,0996465682983
52457;8,32340240478516
52490;7,00123453140259
52523;7,08689117431641
52557;7,48000717163086
52590;7,73633003234863
52623;8,27711772918701
52657;9,59646224975586
52690;11,3943300247192
52723;12,8823566436768
52757;13,5222053527832
52790;13,1705312728882
52823;11,9703798294067
52857;10,3100709915161
52890;8,71278285980225
52923;7,67350053787231
52957;7,58701944351196
52990;8,79323482513428
53023;11,6257858276367
53057;16,3042106628418
53090;22,7622051239014
53123;30,6140480041504
53157;39,1520118713379
53190;47,3330574035645
53223;54,0006523132324
53257;58,2578735351563
53290;59,6170997619629
53323;57,9585113525391
53357;53,58544921875
53390;47,233226776123
53423;39,743709564209
53457;31,850643157959
53490;24,3821659088135
53523;18,2451629638672
53557;13,9667520523071
53590;11,4468336105347
53623;10,262131690979
53657;10,0411443710327
53690;10,4503917694092
53723;11,0563230514526
53757;11,4283847808838
53790;11,3887710571289
53823;11,067081451416
53857;10,6443004608154
53890;10,1041765213013
53923;9,27884387969971
53957;8,10648727416992
53990;6,84993696212769
54023;6,03680992126465
54057;6,19490194320679
54090;7,74268627166748
54123;11,0297698974609
54157;16,2315883636475
54190;23,2004356384277
54223;31,5267333984375
54257;40,6012382507324
54290;49,4940147399902
54323;56,9904365539551
54357;61,9564666748047
54390;63,6700820922852
54423;61,927303314209
54457;57,0749206542969
54490;49,9036521911621
54523;41,3473091125488
54557;32,3380851745605
54590;23,9189186096191
54623;17,1700763702393
54657;12,7411832809448
54690;10,5349836349487
54723;9,97916221618652
54755;10,4568614959717
54788;11,4652976989746
54822;12,6094636917114
54855;13,5574417114258
54888;14,0090093612671
54922;13,7481212615967
54955;12,778769493103
54988;11,4022178649902
55022;10,0419158935547
55055;8,9743185043335
55088;8,28548145294189
55122;7,9739933013916
55155;8,02866458892822
55188;8,54430770874023
55222;9,82200717926025
55255;12,2870569229126
55288;16,2710952758789
55322;21,9168319702148
55355;29,2201843261719
55388;37,911792755127
55422;47,1907119750977
55455;55,6614875793457
55488;61,7880096435547
55522;64,6260604858398
55555;64,0372695922852
55588;60,290901184082
55622;53,7980155944824
55655;45,2452392578125
55688;35,6601524353027
55722;26,2689895629883
55755;18,3482913970947
55788;12,858588218689
55822;10,0192632675171
55855;9,35933208465576
55888;10,0967626571655
55922;11,4279356002808
55955;12,7323875427246
55988;13,7236194610596
56022;14,3503265380859
56055;14,4891805648804
56088;13,9165458679199
56122;12,6674909591675
56155;11,1534023284912
56188;9,82937717437744
56222;8,88855361938477
56255;8,29534530639648
56288;8,05237865447998
56322;8,43801593780518
56355;10,0153532028198
56388;13,3225231170654
56422;18,4703636169434
56455;25,1327514648438
56488;32,8802070617676
56522;41,2492141723633
56555;49,4826202392578
56588;56,5015983581543
56622;61,2629776000977
56655;63,1288223266602
56688;61,9545478820801
56722;57,8656921386719
56755;51,0662117004395
56788;41,9839859008789
56822;31,6003799438477
56855;21,5832462310791
56888;13,7372226715088
56922;9,05873775482178
56955;7,44640874862671
56988;8,09018421173096
57022;9,93408012390137
57055;12,0896768569946
57088;14,041823387146
57122;15,5005970001221
57155;16,2874126434326
57188;16,4150543212891
57222;16,0358390808105
57255;15,26611328125
57288;14,1192674636841
57322;12,5764026641846
57355;10,7582292556763
57388;9,03383350372314
57422;7,86634588241577
57455;7,60354518890381
57488;8,53548812866211
57522;11,0273666381836
57555;15,3912286758423
57588;21,6447372436523
57622;29,4059925079346
57655;37,9175643920898
57688;46,1816673278809
57722;53,1899871826172
57755;58,142707824707
57788;60,5144157409668
57822;59,9947853088379
57855;56,5103988647461
57888;50,2876625061035
57922;41,8748435974121
57955;32,2754173278809
57988;22,9261074066162
58022;15,2323989868164
58055;10,0472078323364
58088;7,43994474411011
58122;6,8612232208252
58155;7,57835626602173
58188;9,00075817108154
58222;10,7157897949219
58255;12,3750429153442
58288;13,6704759597778
58322;14,3857679367065
58355;14,366060256958
58388;13,5509548187256
58422;12,097752571106
58455;10,3493604660034
58488;8,69587135314941
58522;7,49152898788452
58555;7,00662136077881
58588;7,43317365646362
58622;8,93749618530273
58655;11,7077693939209
58688;15,9452390670776
58722;21,740665435791
58755;28,9636116027832
58788;37,2354278564453
58822;45,8771858215332
58855;53,8871307373047
58888;60,082935333252
58922;63,4178848266602
58955;63,3503952026367
58988;60,0209770202637
59022;54,0833473205566
59055;46,3364067077637
59088;37,5634078979492
59122;28,6778221130371
59155;20,7333183288574
59188;14,6446123123169
59222;10,8892250061035
59255;9,33306503295898
59288;9,30520248413086
59322;9,9814281463623
59355;10,802921295166
59388;11,5892744064331
59422;12,3166723251343
59455;12,8730897903442
59488;13,0816736221313
59522;12,8489179611206
59555;12,1615400314331
59588;11,0309648513794
59622;9,60255241394043
59655;8,26754379272461
59688;7,56479644775391
59722;8,01037979125977
59755;9,98298168182373
59788;13,6436958312988
59822;18,8898468017578
59855;25,4060249328613
59888;32,8473854064941
59922;40,8678398132324
59955;48,8294677734375
59988;55,7125015258789
60022;60,53271484375
60055;62,7354583740234
60088;62,1872825622559
60122;58,9582214355469
60155;53,166072845459
60188;45,0945663452148
60222;35,4876022338867
60255;25,6626777648926
60288;17,2136383056641
60322;11,3364896774292
60355;8,29664897918701
60388;7,57543277740479
60422;8,38907051086426
60455;9,98793506622314
60488;11,7744474411011
60522;13,3937091827393
60555;14,6774034500122
60588;15,4855518341064
60622;15,6560726165771
60655;15,1081533432007
60688;13,95703125
60722;12,494086265564
60755;11,0310888290405
60788;9,77379035949707
60822;8,90351104736328
60855;8,72619247436523
60888;9,57936668395996
60922;11,6873407363892
60955;15,2332582473755
60988;20,3763847351074
61022;27,1064071655273
61055;35,1276016235352
61088;43,7622566223145
61122;52,0238723754883
61155;58,8394622802734
61188;63,1273880004883
61222;64,07373046875
61255;61,5743179321289
61288;56,204216003418
61322;48,7864265441895
61355;40,1059608459473
61388;31,0325107574463
61422;22,7060871124268
61455;16,3547019958496
61488;12,7756910324097
61522;11,8490800857544
61555;12,6530065536499
61588;14,1222591400146
61622;15,5188179016113
61655;16,4899864196777
61688;16,9561614990234
61722;16,9789543151855
61755;16,6632385253906
61788;16,0636920928955
61822;15,1691265106201
61855;13,9678325653076
61888;12,4798154830933
61922;10,8149251937866
61955;9,272536277771
61988;8,36841011047363
62022;8,71443271636963
62055;10,7639389038086
62088;14,615740776062
62122;20,1007404327393
62155;26,9945335388184
62188;34,9502105712891
62222;43,2261848449707
62255;50,6736259460449
62288;56,1591758728027
62322;59,0317535400391
62355;59,1704139709473
62388;56,7498512268066
62422;52,0383071899414
62455;45,3413963317871
62488;37,2029228210449
62522;28,6454334259033
62555;20,9756278991699
62587;15,2520446777344
62620;11,9408617019653
62653;10,8810214996338
62687;11,4199876785278
62720;12,7010879516602
62753;14,0191612243652
62787;15,0186605453491
62820;15,6359491348267
62853;15,8977642059326
62887;15,7632417678833
62920;15,1299161911011
62953;13,9624443054199
62987;12,3987236022949
63020;10,7402858734131
63053;9,36219215393066
63087;8,61851215362549
63120;8,83072090148926
63153;10,3489408493042
63187;13,5366678237915
63220;18,5732841491699
63253;25,2652034759521
63287;33,1712532043457
63320;41,751350402832
63353;50,1608390808105
63387;57,1686325073242
63420;61,6282997131348
63453;62,9772682189941
63487;61,2719879150391
63520;56,9487380981445
63553;50,6082725524902
63587;42,9304237365723
63620;34,6700859069824
63653;26,6513824462891
63687;19,7045993804932
63720;14,4979810714722
63753;11,3095216751099
63787;9,9146671295166
63820;9,74338054656982
63853;10,2343130111694
63887;11,082555770874
63920;12,1734313964844
63953;13,3271684646606
63987;14,1649141311646
64020;14,298469543457
64053;13,6293315887451
64087;12,3979959487915
64120;10,9880800247192
64153;9,70600700378418
64187;8,68656349182129
64220;8,02986526489258
64253;8,03774738311768
64287;9,18600559234619
64320;11,8595533370972
64353;16,1495971679688
64387;21,8382530212402
64420;28,6426963806152
64453;36,329963684082
64487;44,3350105285645
64520;51,5832214355469
64553;57,0179977416992
64587;60,0744857788086
64620;60,5457458496094
64653;58,3768424987793
64687;53,7765426635742
64720;47,2217559814453
64753;39,313892364502
64787;30,8404350280762
64820;22,8377876281738
64853;16,3896598815918
64887;12,1863574981689
64920;10,1594133377075
64953;9,61142635345459
64987;9,72712898254395
65020;9,94944763183594
65053;10,0670585632324
65087;10,1321983337402
65120;10,1938552856445
65153;10,066668510437
65187;9,47880840301514
65220;8,39052200317383
65253;7,02883434295654
65287;5,6842212677002
65320;4,58092164993286
65353;3,86026501655579
65387;3,62891912460327
65420;4,09397077560425
65453;5,63981628417969
65487;8,6892728805542
65520;13,5138854980469
65553;20,1545696258545
65587;28,3342990875244
65620;37,3785438537598
65653;46,2711181640625
65687;53,8086929321289
65720;58,9092750549316
65753;60,9991569519043
65787;60,0320701599121
65820;56,1668853759766
65853;49,7241134643555
65887;41,3859825134277
65920;32,191707611084
65953;23,3634300231934
65987;16,0838527679443
66020;11,1572561264038
66053;8,72335243225098
66087;8,28222751617432
66120;8,9611873626709
66153;9,92450618743896
66187;10,737982749939
66220;11,3972902297974
66253;12,085090637207
66287;12,8923788070679
66320;13,6913042068481
66353;14,2253084182739
66387;14,2635564804077
66420;13,7051496505737
66453;12,6431770324707
66487;11,3408994674683
66520;10,1300315856934
66553;9,36863327026367
66587;9,45450210571289
66620;10,7602386474609
66653;13,5134811401367
66687;17,7660980224609
66720;23,4609794616699
66753;30,4190196990967
66787;38,1888427734375
66820;45,9371147155762
66853;52,5822982788086
66887;57,1526565551758
66920;58,996955871582
66953;57,7624397277832
66987;53,5078353881836
67020;46,8299713134766
67053;38,6517906188965
67087;29,960521697998
67120;21,8013210296631
67153;15,2423114776611
67187;11,0426511764526
67220;9,29045677185059
67253;9,46603870391846
67287;10,7912368774414
67320;12,4577789306641
67353;13,8092546463013
67387;14,560040473938
67420;14,79651927948
67453;14,6676416397095
67487;14,0961790084839
67520;12,8964958190918
67553;11,1077938079834
67587;9,07281494140625
67620;7,28813219070435
67653;6,28492212295532
67687;6,53254365921021
67720;8,23396587371826
67753;11,2394542694092
67787;15,4334564208984
67820;21,0431270599365
67853;28,2400951385498
67887;36,6513328552246
67920;45,337776184082
67953;53,0416870117188
67987;58,5968818664551
68020;61,3512229919434
68053;61,2400512695313
68087;58,480224609375
68120;53,3275680541992
68153;46,1452369689941
68187;37,5235710144043
68220;28,3255043029785
68253;19,6442584991455
68287;12,5605535507202
68320;7,83511161804199
68353;5,67470264434814
68387;5,65119743347168
68420;6,96806859970093
68453;8,89522647857666
68487;10,9130010604858
68520;12,5829725265503
68553;13,545093536377
68587;13,6626205444336
68620;13,0560436248779
68653;12,0561275482178
68687;11,0881071090698
68720;10,397346496582
68753;9,89284420013428
68787;9,41123676300049
68820;9,10261917114258
68853;9,46051597595215
68887;11,0698862075806
68920;14,339376449585
68953;19,3166103363037
68987;25,7577075958252
69020;33,307487487793
69053;41,3953247070313
69087;49,0623397827148
69120;55,1987380981445
69153;59,0004997253418
69187;60,1409149169922
69220;58,620735168457
69253;54,5638656616211
69287;48,1613845825195
69320;39,844066619873
69353;30,5364856719971
69387;21,6443099975586
69420;14,5527610778809
69453;9,98395824432373
69487;7,82242631912231
69520;7,46999263763428
69553;8,27820205688477
69587;9,72945308685303
69620;11,423131942749
69653;13,0427761077881
69687;14,363920211792
69720;15,2277669906616
69753;15,522255897522
69787;15,249813079834
69820;14,501127243042
69853;13,3745651245117
69887;12,040153503418
69920;10,7905149459839
69953;9,99906444549561
69987;10,1010904312134
70020;11,5828733444214
70053;14,93359375
70087;20,4819412231445
70120;28,0911197662354
70153;37,0041885375977
70187;46,0581359863281
70220;54,024730682373
70253;59,8310012817383
70287;62,692066192627
70320;62,2386627197266
70353;58,6098670959473
70387;52,4044227600098
70420;44,4899215698242
70453;35,8135643005371
70487;27,3200302124023
70518;19,9462261199951
70552;14,5201663970947
70585;11,456582069397
70618;10,504373550415
70652;10,9431858062744
70685;12,0517377853394
70718;13,3539752960205
70752;14,6190452575684
70785;15,7704820632935
70818;16,7533798217773
70852;17,4491729736328
70885;17,6856536865234
70918;17,3374137878418
70952;16,4037761688232
70985;15,0087432861328
71018;13,4361124038696
71052;12,128155708313
71085;11,5517406463623
71118;12,1193904876709
71152;14,2179164886475
71185;18,1167068481445
71218;23,8108367919922
71252;31,0736446380615
71285;39,5180053710938
71318;48,3642539978027
71352;56,2814025878906
71385;61,8077125549316
71418;64,02978515625
71452;62,7609214782715
71485;58,2182388305664
71518;50,8063774108887
71552;41,3605613708496
71585;31,4148330688477
71618;22,5969085693359
71652;15,8872842788696
71685;11,7097625732422
71718;10,0330400466919
71752;10,2870836257935
71785;11,6251697540283
71818;13,3210716247559
71852;14,930757522583
71885;16,2944622039795
71918;17,454553604126
71952;18,4182624816895
71985;18,9359493255615
72018;18,6058750152588
72052;17,2594203948975
72085;15,2315254211426
72118;13,2165508270264
72152;11,8674297332764
72185;11,567494392395
72218;12,5136394500732
72252;14,8600263595581
72285;18,6952342987061
72318;23,9858798980713
72352;30,6519260406494
72385;38,4737701416016
72418;46,6797103881836
72452;53,8507232666016
72485;58,5665512084961
72518;60,0884780883789
72552;58,435131072998
72585;54,0969543457031
72618;47,7260627746582
72652;39,9949951171875
72685;31,6802043914795
72718;23,7292041778564
72752;17,1391353607178
72785;12,6998853683472
72818;10,6856641769409
72852;10,7411060333252
72885;12,1570234298706
72918;14,2630491256714
72952;16,5404968261719
72985;18,5255393981934
73018;19,7800636291504
73052;20,0213298797607
73085;19,3512840270996
73118;18,2554664611816
73152;17,1657314300537
73185;16,1268177032471
73218;15,0181827545166
73252;13,9105186462402
73285;13,1612529754639
73318;13,3439826965332
73352;15,0770874023438
73385;18,7137451171875
73418;24,1324844360352
73452;30,8954830169678
73485;38,4473495483398
73518;46,0484046936035
73552;52,7566833496094
73585;57,6602668762207
73618;60,1169624328613
73652;59,7842445373535
73685;56,598331451416
73718;50,8910675048828
73752;43,4338302612305
73785;35,2470550537109
73818;27,3825206756592
73852;20,8088359832764
73885;16,2827911376953
73918;14,1186923980713
73952;14,01389503479
73985;15,1995973587036
74018;16,8781318664551
74052;18,53125
74085;19,8707485198975
74118;20,7346210479736
74152;21,1521644592285
74185;21,3479118347168
74218;21,5013084411621
74252;21,5037250518799
74285;21,0446128845215
74318;19,9812755584717
74352;18,6209087371826
74385;17,6618576049805
74418;17,899076461792
74452;19,9123783111572
74485;23,902795791626
74518;29,7033729553223
74552;36,8853950500488
74585;44,7930183410645
74618;52,4296951293945
74652;58,527400970459
74685;61,9582633972168
74718;62,1411018371582
74752;59,150764465332
74785;53,5789222717285
74818;46,2096672058105
74852;37,6779174804688
74885;28,6026992797852
74918;20,0027408599854
74952;13,1344146728516
74985;8,82428550720215
75018;7,13597822189331
75052;7,55588817596436
75085;9,32277011871338
75118;11,6624441146851
75152;13,9666032791138
75185;15,9161033630371
75218;17,3682975769043
75252;18,2147979736328
75285;18,4761562347412
75318;18,3360347747803
75352;18,0198554992676
75385;17,740966796875
75418;17,6526660919189
75452;17,7919235229492
75485;18,1363658905029
75518;18,7457275390625
75552;19,917932510376
75585;22,1589851379395
75618;25,8540496826172
75652;31,0042400360107
75685;37,2524070739746
75718;43,993953704834
75752;50,4397888183594
75785;55,640064239502
75818;58,6551933288574
75852;58,9584999084473
75885;56,6607208251953
75918;52,2574272155762
75952;46,2308921813965
75985;39,0035400390625
76018;31,1884784698486
76052;23,6553859710693
76085;17,3633060455322
76118;13,1361417770386
76152;11,289794921875
76185;11,4056253433228
76218;12,6650400161743
76252;14,3920249938965
76285;16,2006950378418
76318;17,8028945922852
76352;18,8739109039307
76385;19,1029281616211
76418;18,3873500823975
76452;16,9889736175537
76485;15,4289073944092
76518;14,1875
76552;13,4223289489746
76585;12,978045463562
76618;12,7524156570435
76652;12,9816064834595
76685;14,181170463562
76718;16,8783912658691
76752;21,3251857757568
76785;27,4228229522705
76818;34,8206405639648
76852;42,8894348144531
76885;50,613655090332
76918;56,7397651672363
76952;60,2141571044922
76985;60,5520935058594
77018;57,9002456665039
77052;52,8838272094727
77085;46,3353385925293
77118;38,9904479980469
77152;31,4052028656006
77185;24,1612892150879
77218;18,007511138916
77252;13,6275587081909
77285;11,261773109436
77318;10,6088914871216
77352;11,0546808242798
77385;12,0043592453003
77418;13,1171808242798
77452;14,2812232971191
77485;15,3558263778687
77518;16,0416889190674
77552;16,1059017181396
77585;15,6112766265869
77618;14,789644241333
77652;13,8222770690918
77685;12,8459243774414
77718;12,052864074707
77752;11,7132225036621
77785;12,0894794464111
77818;13,318567276001
77852;15,4339208602905
77885;18,5159873962402
77918;22,6978797912598
77952;27,9881248474121
77985;34,2269554138184
78018;41,1202812194824
78052;48,1285743713379
78085;54,4605560302734
78118;59,3218307495117
78152;62,1051902770996
78185;62,3741683959961
78218;59,8457679748535
78252;54,4787712097168
78285;46,6043357849121
78318;37,0773391723633
78352;27,2871131896973
78383;18,7611827850342
78417;12,6119737625122
78450;9,25653266906738
78483;8,40677833557129
78517;9,33037281036377
78550;11,2666044235229
78583;13,6389865875244
78617;16,0110530853271
78650;17,9626026153564
78683;19,0931015014648
78717;19,1931343078613
78750;18,334508895874
78783;16,8206844329834
78817;15,0907602310181
78850;13,573558807373
78883;12,5467348098755
78917;12,1218538284302
78950;12,3721027374268
78983;13,4678869247437
79017;15,7206077575684
79050;19,4862289428711
79083;24,9181900024414
79117;31,7662734985352
79150;39,3983535766602
79183;46,9288330078125
79217;53,3423042297363
79250;57,6930046081543
79283;59,363639831543
79317;58,2470741271973
79350;54,7327766418457
79383;49,3612937927246
79417;42,4725646972656
79450;34,4106674194336
79483;25,9519672393799
79517;18,3204002380371
79550;12,7551918029785
79583;9,9051570892334
79617;9,47636318206787
79650;10,5286445617676
79683;12,1532249450684
79717;13,7981815338135
79750;15,1653814315796
79783;16,0708160400391
79817;16,4085388183594
79850;16,2141342163086
79883;15,6681566238403
79917;14,9289531707764
79950;14,0136165618896
79983;12,8994159698486
80017;11,674859046936
80050;10,5549230575562
80083;9,81532955169678
80117;9,75940418243408
80150;10,7278785705566
80183;13,0748195648193
80217;17,0524711608887
80250;22,7076663970947
80283;29,8691749572754
80317;38,0778999328613
80350;46,4596557617188
80383;53,8404273986816
80417;59,1560440063477
80450;61,7689933776855
80483;61,4691123962402
80517;58,3562278747559
80550;52,7661895751953
80583;45,2251052856445
80617;36,4994087219238
80650;27,6341590881348
80683;19,7534236907959
80717;13,8104858398438
80750;10,3754539489746
80783;9,37171840667725
80817;10,0852251052856
80850;11,6413850784302
80883;13,4243850708008
80917;15,0022010803223
80950;15,9855127334595
80983;16,166389465332
81017;15,5967884063721
81050;14,4479551315308
81083;12,92223072052
81117;11,2992572784424
81150;9,91688442230225
81183;9,03226947784424
81217;8,7960205078125
81250;9,41992664337158
81283;11,2707386016846
81317;14,7029962539673
81350;19,7941837310791
81383;26,3178825378418
81417;33,8989372253418
81450;41,9732322692871
81483;49,676628112793
81517;56,0144805908203
81550;60,1978530883789
81583;61,8116416931152
81617;60,7314262390137
81650;57,0008964538574
81683;50,8335762023926
81717;42,6877059936523
81750;33,335765838623
81783;23,9189262390137
81817;15,8442049026489
81850;10,297155380249
81883;7,68428468704224
81917;7,58700895309448
81950;9,14012718200684
81983;11,3956632614136
82017;13,5742540359497
82050;15,2368011474609
82083;16,2263298034668
82117;16,4649963378906
82150;15,9099454879761
82183;14,6477212905884
82217;12,9065895080566
82250;10,9834566116333
82283;9,21942234039307
82317;8,0206413269043
82350;7,8304557800293
82383;9,0155200958252
82417;11,789080619812
82450;16,2504901885986
82483;22,3712711334229
82517;29,9091701507568
82550;38,3380355834961
82583;46,8026161193848
82617;54,2190132141113
82650;59,5562629699707
82683;62,1403770446777
82717;61,7749443054199
82750;58,6241836547852
82783;53,0335464477539
82817;45,4416465759277
82850;36,4819374084473
82883;27,1672649383545
82917;18,767520904541
82950;12,4019117355347
82983;8,70654392242432
83017;7,68089866638184
83050;8,74649906158447
83083;11,0020666122437
83117;13,523567199707
83150;15,6186666488647
83183;16,9544200897217
83217;17,5417308807373
83250;17,5931129455566
83283;17,252161026001
83317;16,4791412353516
83350;15,2623271942139
83383;13,802752494812
83417;12,4328632354736
83450;11,4968204498291
83483;11,3852529525757
83517;12,5597686767578
83550;15,3950481414795
83583;19,9887466430664
83617;26,1463241577148
83650;33,4587745666504
83683;41,3166007995605
83717;48,8617935180664
83750;55,0041389465332
83783;58,6978607177734
83817;59,3540840148926
83850;57,0259017944336
83883;52,2140350341797
83917;45,4629325866699
83950;37,2834968566895
83983;28,5099010467529
84017;20,4096565246582
84050;14,2065105438232
84083;10,4942216873169
84117;9,08555126190186
84150;9,30604457855225
84183;10,3910036087036
84217;11,7539415359497
84250;13,061149597168
84283;14,1666011810303
84317;15,0632448196411
84350;15,7669486999512
84383;16,1501865386963
84417;16,0262985229492
84450;15,3609619140625
84483;14,3048629760742
84517;13,098217010498
84550;12,0137166976929
84583;11,4030284881592
84617;11,7345323562622
84650;13,4512805938721
84683;16,775218963623
84717;21,6932830810547
84750;28,0102310180664
84783;35,3043594360352
84817;42,9264678955078
84850;50,1229057312012
84883;56,1327972412109
84917;60,2225494384766
84950;61,7675170898438
84983;60,3826217651367
85017;56,0216674804688
85050;49,0363922119141
85083;40,2007942199707
85117;30,6653232574463
85150;21,8238182067871
85183;14,9683513641357
85217;10,8140592575073
85250;9,3063440322876
85283;9,75237560272217
85317;11,1393747329712
85350;12,5649347305298
85383;13,5018072128296
85417;13,7676544189453
85450;13,3884420394897
85483;12,5219669342041
85517;11,4082803726196
85550;10,259916305542
85583;9,18477153778076
85617;8,27954292297363
85650;7,7507791519165
85683;7,86069631576538
85717;8,84771919250488
85750;10,9704513549805
85783;14,4896430969238
85817;19,4835815429688
85850;25,7224254608154
85883;32,8044013977051
85917;40,2935638427734
85950;47,5951309204102
85983;53,9065628051758
86017;58,4498825073242
86050;60,6728630065918
86083;60,2946090698242
86117;57,309268951416
86150;51,9420776367188
86183;44,5925674438477
86217;35,9277534484863
86250;27,0204486846924
86283;19,1608200073242
86315;13,3871421813965
86348;10,1134405136108
86382;9,00328254699707
86415;9,25617218017578
86448;10,1384611129761
86482;11,1994409561157
86515;12,2031555175781
86548;13,0397024154663
86582;13,5758790969849
86615;13,6146831512451
86648;13,0438251495361
86682;11,9388952255249
86715;10,5725564956665
86748;9,34690570831299
86782;8,62809944152832
86815;8,64902973175049
86848;9,59385299682617
86882;11,6934080123901
86915;15,1698961257935
86948;20,1407890319824
86982;26,5694522857666
87015;34,1628150939941
87048;42,2761878967285
87082;50,0033798217773
87115;56,3722648620605
87148;60,5320663452148
87182;61,9221038818359
87215;60,335823059082
87248;55,8934288024902
87282;49,0084342956543
87315;40,3521194458008
87348;30,8927097320557
87382;21,9090557098389
87415;14,697395324707
87448;10,1222257614136
87482;8,34094333648682
87515;8,79626083374023
87548;10,4968776702881
87582;12,488697052002
87615;14,2522125244141
87648;15,7312250137329
87682;16,9759845733643
87715;17,8307876586914
87748;18,0190811157227
87782;17,4228229522705
87815;16,1921253204346
87848;14,6332502365112
87882;13,0864009857178
87915;11,9173622131348
87948;11,5290174484253
87982;12,3101778030396
88015;14,5409660339355
88048;18,338924407959
88082;23,6710090637207
88115;30,3395805358887
88148;37,9041328430176
88182;45,5824813842773
88215;52,2715797424316
88248;56,8339004516602
88282;58,5400199890137
88315;57,3359146118164
88348;53,6692848205566
88382;48,0471038818359
88415;40,8563194274902
88448;32,6130828857422
88482;24,2319755554199
88515;16,8813705444336
88548;11,5293188095093
88582;8,67227458953857
88615;8,32127857208252
88648;10,0031356811523
88682;12,8517971038818
88715;15,9293231964111
88748;18,5262928009033
88782;20,2495002746582
88815;20,999870300293
88848;20,8765354156494
88882;20,0334987640381
88915;18,6060619354248
88948;16,766529083252
88982;14,791298866272
89015;13,004189491272
89048;11,7203855514526
89082;11,2774991989136
89115;12,0193405151367
89148;14,2721357345581
89182;18,3393630981445
89215;24,3184642791748
89248;31,842212677002
89282;40,0621223449707
89315;47,8617134094238
89348;54,1149139404297
89382;57,8959617614746
89415;58,6388053894043
89448;56,2590065002441
89482;51,1946601867676
89515;44,2399291992188
89548;36,2437286376953
89582;28,054027557373
89615;20,6476516723633
89648;15,0287609100342
89682;11,8741874694824
89715;11,201135635376
89748;12,3168897628784
89782;14,186915397644
89815;16,010534286499
89848;17,4724617004395
89882;18,4928951263428
89915;18,9558162689209
89948;18,7684383392334
89982;17,990608215332
90015;16,8067569732666
90048;15,4525632858276
90082;14,1693534851074
90115;13,1822233200073
90148;12,7220916748047
90182;13,0912828445435
90215;14,7072725296021
90248;17,9924602508545
90282;23,1268520355225
90315;29,9206275939941
90348;37,8205490112305
90382;45,9013862609863
90415;53,0203514099121
90448;58,1466789245605
90482;60,5964813232422
90515;60,0752449035645
90548;56,606575012207
90582;50,5204467773438
90615;42,4732246398926
90648;33,4124717712402
90682;24,562479019165
90715;17,2070140838623
90748;12,1829652786255
90782;9,57320594787598
90815;8,89243030548096
90848;9,49896049499512
90882;10,8645095825195
90915;12,6178998947144
90948;14,4366254806519
90982;15,9488897323608
91015;16,7753639221191
91048;16,6735286712646
91082;15,7003307342529
91115;14,1970567703247
91148;12,5540952682495
91182;11,0761098861694
91215;10,0432062149048
91248;9,76007270812988
91282;10,5714864730835
91315;12,8560094833374
91348;16,8928146362305
91382;22,6872005462646
91415;29,9421977996826
91448;38,0981369018555
91482;46,3005256652832
91515;53,4527053833008
91548;58,4778518676758
91582;60,616569519043
91615;59,570484161377
91648;55,4861488342285
91682;48,8823432922363
91715;40,5544776916504
91748;31,5156707763672
91782;23,0109462738037
91815;16,3208541870117
91848;12,19859790802
91882;10,4750051498413
91915;10,3892822265625
91948;11,218918800354
91982;12,4618816375732
92015;13,7250270843506
92048;14,7046766281128
92082;15,1735420227051
92115;15,0050220489502
92148;14,2532405853271
92182;13,0942287445068
92215;11,6720056533813
92248;10,1096906661987
92282;8,66704082489014
92315;7,71115875244141
92348;7,53935766220093
92382;8,39707946777344
92415;10,5645523071289
92448;14,2634239196777
92482;19,5458393096924
92515;26,2975215911865
92548;34,1723327636719
92582;42,4656066894531
92615;50,1922225952148
92648;56,347354888916
92682;60,1607971191406
92715;61,2009887695313
92748;59,3030967712402
92782;54,519229888916
92815;47,1805877685547
92848;38,0114250183105
92882;28,2403182983398
92915;19,4186573028564
92948;12,853458404541
92982;9,16342544555664
93015;8,2027006149292
93048;9,21668148040771
93082;11,1536293029785
93115;13,0568704605103
93148;14,3455867767334
93182;14,8245038986206
93215;14,559103012085
93248;13,76624584198
93282;12,6730880737305
93315;11,3948440551758
93348;9,9717378616333
93382;8,51252174377441
93415;7,24847936630249
93448;6,45313310623169
93482;6,3761157989502
93515;7,23275947570801
93548;9,19744873046875
93582;12,4426183700562
93615;17,1821975708008
93648;23,5610275268555
93682;31,3799934387207
93715;39,8930587768555
93748;47,9539527893066
93782;54,4444541931152
93815;58,5418930053711
93848;59,6482124328613
93882;57,3918342590332
93915;51,9118881225586
93948;43,9333992004395
93982;34,5170211791992
94015;24,9865417480469
94048;16,8111228942871
94082;11,074239730835
94115;8,09540843963623
94148;7,49395036697388
94180;8,38790893554688
94213;9,7568883895874
94247;10,9374303817749
94280;11,7512073516846
94313;12,1872539520264
94347;12,2018661499023
94380;11,8032217025757
94413;11,0730142593384
94447;10,1101512908936
94480;9,05164432525635
94513;8,08904933929443
94547;7,41154479980469
94580;7,14734411239624
94613;7,4118275642395
94647;8,43777942657471
94680;10,6041679382324
94713;14,2740278244019
94747;19,5949172973633
94780;26,4434623718262
94813;34,4277496337891
94847;42,8058319091797
94880;50,5075035095215
94913;56,4082717895508
94947;59,6202621459961
94980;59,6679458618164
95013;56,6036758422852
95047;50,9423332214355
95080;43,4238891601563
95113;34,8438491821289
95147;26,052173614502
95180;18,0265045166016
95213;11,8069772720337
95247;8,15750312805176
95280;7,14931631088257
95313;8,08202743530273
95347;9,90383720397949
95380;11,7402086257935
95413;13,0923919677734
95447;13,7535028457642
95480;13,7227077484131
95513;13,1858215332031
95547;12,4238023757935
95580;11,6348342895508
95613;10,8715782165527
95647;10,1391706466675
95680;9,47665882110596
95713;9,02348613739014
95747;9,14434814453125
95780;10,4304132461548
95813;13,4146003723145
95847;18,2506771087646
95880;24,707218170166
95913;32,3458557128906
95947;40,5569343566895
95980;48,4827499389648
96013;55,0757865905762
96047;59,407341003418
96080;60,9682235717773
96113;59,6610107421875
96147;55,6365547180176
96180;49,2275657653809
96213;40,9954452514648
96247;31,8408622741699
96280;22,9692058563232
96313;15,5912485122681
96347;10,5831623077393
96380;8,2263298034668
96413;8,10512542724609
96447;9,33705425262451
96480;11,0425930023193
96513;12,6865377426147
96547;14,0332956314087
96580;14,9167833328247
96613;15,1974935531616
96647;14,8520383834839
96680;13,9609375
96713;12,6604423522949
96747;11,1277875900269
96780;9,54934883117676
96813;8,17368030548096
96847;7,42831039428711
96880;7,82060098648071
96913;9,7004976272583
96947;13,2257633209229
96980;18,3566818237305
97013;24,7348365783691
97047;31,8587341308594
97080;39,3666648864746
97113;46,8215751647949
97147;53,4062843322754
97180;58,1595802307129
97213;60,4250297546387
97247;59,9659309387207
97280;56,8428192138672
97313;51,3409233093262
97347;43,944221496582
97380;35,3310661315918
97413;26,4473075866699
97447;18,551197052002
97480;12,9009637832642
97513;10,1016616821289
97547;9,7395076751709
97580;10,7569704055786
97613;12,1834526062012
97647;13,5091371536255
97680;14,5876226425171
97713;15,3919544219971
97747;15,8693447113037
97780;15,9410095214844
97813;15,5712022781372
97847;14,8287181854248
97880;13,8621768951416
97913;12,844123840332
97947;11,9599866867065
97980;11,4033279418945
98013;11,4316473007202
98047;12,4830274581909
98080;15,1238918304443
98113;19,7034702301025
98147;26,0614643096924
98180;33,679573059082
98213;41,9052429199219
98247;49,8359375
98280;56,3296432495117
98313;60,3627738952637
98347;61,2929344177246
98380;58,9406471252441
98413;53,6441993713379
98447;46,1299781799316
98480;37,263786315918
98513;28,0248203277588
98547;19,5782775878906
98580;13,0710353851318
98613;9,18385314941406
98647;7,86393308639526
98680;8,45087909698486
98713;10,0324096679688
98747;11,8420667648315
98780;13,4668579101563
98813;14,7102327346802
98847;15,3810024261475
98880;15,3056526184082
98913;14,4627561569214
98947;13,0295057296753
98980;11,2862987518311
99013;9,52060413360596
99047;8,05136871337891
99080;7,24353837966919
99113;7,46703243255615
99147;9,11473655700684
99180;12,5604610443115
99213;17,9102458953857
99247;24,8232288360596
99280;32,7151031494141
99313;40,9996910095215
99347;48,9588966369629
99380;55,6307411193848
99413;60,048152923584
99447;61,5084686279297
99480;59,7318496704102
99513;54,9697151184082
99547;47,9029655456543
99580;39,3651809692383
99613;30,2867088317871
99647;21,8087368011475
99680;15,0779361724854
99713;10,807074546814
99747;9,0247802734375
99780;9,15167808532715
99813;10,3434934616089
99847;11,892725944519
99880;13,3977527618408
99913;14,5944890975952
99947;15,1723299026489
99980;14,9254884719849
100013;13,96266746521
100047;12,5889015197754
100080;11,0796918869019
100113;9,62132549285889
100147;8,35216236114502
100180;7,44618511199951
100213;7,19026041030884
100247;7,98170852661133
100280;10,2404708862305
100313;14,2241621017456
100347;19,8920593261719
100380;26,9575805664063
100413;34,9775161743164
100447;43,3578758239746
100480;51,2775535583496
100513;57,7020034790039
100547;61,6384124755859
100580;62,3830261230469
100613;59,6629257202148
100647;53,7901153564453
100680;45,6337051391602
100713;36,3553428649902
100747;27,1933898925781
100780;19,3136234283447
100813;13,6263942718506
100847;10,5699272155762
100880;9,9283447265625
100913;10,9369029998779
100947;12,6865615844727
100980;14,4916753768921
101013;15,976282119751
101047;16,9386615753174
101080;17,2452011108398
101113;16,8366718292236
101147;15,7368860244751
101180;14,0924224853516
101213;12,2340679168701
101247;10,5958375930786
101280;9,54960346221924
101313;9,38519859313965
101347;10,4140167236328
101380;12,9396533966064
101413;17,0693855285645
101447;22,6403751373291
101480;29,3288116455078
101513;36,7021484375
101547;44,1477470397949
101580;50,8987312316895
101613;56,1941452026367
101647;59,3852424621582
101680;59,9859504699707
101713;57,7741317749023
101747;52,8999977111816
101780;45,8664016723633
101813;37,4193000793457
101847;28,5453472137451
101880;20,4940586090088
101913;14,4681024551392
101947;11,1080112457275
101980;10,27197265625
102013;11,1959466934204
102047;12,9051866531372
102080;14,6353139877319
102113;15,9243268966675
102147;16,5082302093506
102180;16,3128318786621
102213;15,4539604187012
102245;14,1439399719238
102278;12,6012783050537
102312;11,077299118042
102345;9,92250728607178
102378;9,50421714782715
102412;10,0492486953735
102445;11,6383609771729
102478;14,3534545898438
102512;18,3542518615723
102545;23,7380962371826
102578;30,368185043335
102612;37,9038047790527
102645;45,8272323608398
102678;53,2837448120117
102712;59,1246376037598
102745;62,3516578674316
102778;62,4711036682129
102812;59,450309753418
102845;53,5872955322266
102878;45,5143356323242
102912;36,2053070068359
102945;26,8684406280518
102978;18,6989650726318
103012;12,6314210891724
103045;9,19018936157227
103078;8,35792541503906
103112;9,53732872009277
103145;11,7474918365479
103178;13,9642744064331
103212;15,4371891021729
103245;15,8841514587402
103278;15,4429779052734
103312;14,4126539230347
103345;13,0434980392456
103378;11,5081939697266
103412;9,96854877471924
103445;8,61115741729736
103478;7,61646842956543
103512;7,16761827468872
103545;7,54125452041626
103578;9,13554763793945
103612;12,3292827606201
103645;17,2380981445313
103678;23,5863971710205
103712;30,9080295562744
103745;38,7678489685059
103778;46,5850105285645
103812;53,4595565795898
103845;58,4220504760742
103878;60,7809257507324
103912;60,2346878051758
103945;56,8303527832031
103978;50,8792991638184
104012;42,9027442932129
104045;33,7548217773438
104078;24,6988563537598
104112;17,0927867889404
104145;11,8972091674805
104178;9,36789131164551
104212;9,0364875793457
104245;9,98595809936523
104278;11,3637819290161
104312;12,7560796737671
104345;14,0548858642578
104378;15,1181468963623
104412;15,6864433288574
104445;15,5482835769653
104478;14,6964311599731
104512;13,2876901626587
104545;11,5301275253296
104578;9,70925140380859
104612;8,22648048400879
104645;7,55476045608521
104678;8,19023704528809
104712;10,5088806152344
104745;14,5729169845581
104778;20,1501350402832
104812;26,9185600280762
104845;34,5787506103516
104878;42,7033271789551
104912;50,4787940979004
104945;56,8084869384766
104978;60,7557411193848
105012;61,7252922058105
105045;59,4051895141602
105078;53,8783111572266
105112;45,7383651733398
105145;36,0239028930664
105178;26,1313972473145
105212;17,5751724243164
105245;11,529935836792
105278;8,50636196136475
105312;8,2652530670166
105345;9,95294857025146
105378;12,4637174606323
105412;14,8287706375122
105445;16,4380702972412
105478;17,0216636657715
105512;16,561653137207
105545;15,3350448608398
105578;13,8384103775024
105612;12,4677028656006
105645;11,3383779525757
105678;10,3982057571411
105712;9,61667156219482
105745;9,14574432373047
105778;9,3984956741333
105812;10,9406728744507
105845;14,2439804077148
105878;19,4734344482422
105912;26,4390773773193
105945;34,6561698913574
105978;43,3269271850586
106012;51,3592262268066
106045;57,6452789306641
106078;61,3972206115723
106112;62,2169799804688
106145;59,9599227905273
106178;54,698917388916
106212;46,847900390625
106245;37,2662963867188
106278;27,289529800415
106312;18,5341911315918
106345;12,3555765151978
106378;9,34798908233643
106412;9,21451759338379
106445;10,9677515029907
106478;13,4066982269287
106512;15,5870485305786
106545;16,9667987823486
106578;17,3721885681152
106612;16,9338665008545
106645;15,9256467819214
106678;14,602611541748
106712;13,1363277435303
106745;11,6122140884399
106778;10,1098661422729
106812;8,81747341156006
106845;8,05287075042725
106878;8,25625705718994
106912;9,99190902709961
106945;13,7348413467407
106978;19,5396537780762
107012;26,9931735992432
107045;35,3959274291992
107078;43,9160232543945
107112;51,6822967529297
107145;57,8740501403809
107178;61,8377113342285
107212;63,1200256347656
107245;61,4393692016602
107278;56,8053932189941
107312;49,6286582946777
107345;40,6564826965332
107378;30,9897766113281
107412;22,0458908081055
107445;15,1490793228149
107478;11,0192098617554
107512;9,55970096588135
107545;10,0971164703369
107578;11,8369092941284
107612;14,100998878479
107645;16,3361930847168
107678;18,0835494995117
107712;18,9981327056885
107745;18,9597091674805
107778;18,1216907501221
107812;16,7740592956543
107845;15,1740264892578
107878;13,5266284942627
107912;12,0509767532349
107945;11,0042734146118
107978;10,6851902008057
108012;11,4188785552979
108045;13,5055847167969
108078;17,1811676025391
108112;22,5034446716309
108145;29,1903266906738
108178;36,6983528137207
108212;44,3786392211914
108245;51,4391136169434
108278;57,0224533081055
108312;60,4518814086914
108345;61,2967529296875
108378;59,2855110168457
108412;54,347297668457
108445;46,7831497192383
108478;37,4022789001465
108512;27,5642108917236
108545;18,9071178436279
108578;12,7274045944214
108612;9,48685932159424
108645;8,74400520324707
108678;9,54111385345459
108712;11,0055541992188
108745;12,6377239227295
108778;14,1914348602295
108812;15,4341373443604
108845;16,0617294311523
108878;15,8593683242798
108912;14,854959487915
108945;13,2946929931641
108978;11,5553321838379
109012;10,0532484054565
109045;9,13969707489014
109078;9,03726959228516
109112;9,87463092803955
109145;11,7606973648071
109178;14,7842845916748
109212;19,0136795043945
109245;24,5390434265137
109278;31,3647384643555
109312;39,1744346618652
109345;47,2219009399414
109378;54,440055847168
109412;59,7175598144531
109445;62,2033653259277
109478;61,485279083252
109512;57,6635513305664
109545;51,3160743713379
109578;43,254638671875
109612;34,3208084106445
109645;25,4532699584961
109678;17,6753196716309
109712;11,8582458496094
109745;8,53622817993164
109778;7,77074527740479
109812;9,01991271972656
109845;11,340353012085
109878;13,883659362793
109912;16,0806884765625
109945;17,534839630127
109978;18,0469589233398
110012;17,6387577056885
110045;16,4572830200195
110077;14,7630767822266
110110;12,9259510040283
110143;11,3015184402466
110177;10,1596908569336
110210;9,72821235656738
110243;10,2414093017578
110277;11,9542512893677
110310;15,1148262023926
110343;19,9091911315918
110377;26,3655014038086
110410;34,1957168579102
110443;42,6710815429688
110477;50,6764755249023
110510;56,9971313476563
110543;60,6639709472656
110577;61,1418190002441
110610;58,4017639160156
110643;52,9237632751465
110677;45,5008239746094
110710;36,9862213134766
110743;28,2759628295898
110777;20,3411254882813
110810;14,0831298828125
110843;10,140887260437
110877;8,67165946960449
110910;9,17005634307861
110943;10,6687183380127
110977;12,275092124939
111010;13,5259065628052
111043;14,3150749206543
111077;14,6095104217529
111110;14,3037233352661
111143;13,3271951675415
111177;11,8093070983887
111210;10,1135835647583
111243;8,70173931121826
111277;7,90455722808838
111310;7,80920124053955
111343;8,41192817687988
111377;9,84376239776611
111410;12,3729629516602
111443;16,2310085296631
111477;21,4864158630371
111510;28,0309886932373
111543;35,583438873291
111577;43,6187438964844
111610;51,3072967529297
111643;57,6368598937988
111677;61,6753921508789
111710;62,7738304138184
111743;60,698429107666
111777;55,6451301574707
111810;48,0743064880371
111843;38,7167625427246
111877;28,7849922180176
111910;19,8141231536865
111943;13,0753965377808
111977;9,14572620391846
112010;7,82867383956909
112043;8,28811359405518
112077;9,43815422058105
112110;10,4895534515381
112143;11,1853656768799
112177;11,6013803482056
112210;11,8639488220215
112243;12,0095500946045
112277;12,0093173980713
112310;11,8612518310547
112343;11,5959453582764
112377;11,2512950897217
112410;10,9127826690674
112443;10,7053689956665
112477;10,6886930465698
112510;10,7936010360718
112543;10,8648290634155
112577;10,7611074447632
112610;10,486213684082
